cntrycode,numcust,totacctbal
13,888,6737713.990000006
17,861,6460573.720000006
18,964,7236687.400000015
23,892,6701457.950000005
29,948,7158866.629999999
30,909,6808436.129999999
31,922,6806670.180000009
