n_name,revenue
INDONESIA,1374276875.8326027
CHINA,1346411515.8016021
VIETNAM,1334694106.2561984
INDIA,1318557426.4042983
JAPAN,1314927124.030599
